DATE,ALLSKY_SFC_SW_DWN,ALLSKY_SFC_SW_DNI,ALLSKY_SFC_SW_DIFF,ALLSKY_SFC_UVA,ALLSKY_SFC_UVB,WS2M,T2M,RH2M,PS,WS10M,potential_solar_power,pred_ALLSKY_SFC_SW_DWN,pred_ALLSKY_SFC_SW_DIFF
2023-01-01,4.26,6.24,1.07,9.04,0.18,2.51,9.52,75.94,100.31,3.79,0.8263975654582061,4.308599999999997,1.1644999999999996
2023-01-02,1.62,0.64,1.3,4.34,0.09,3.69,10.93,74.25,100.45,5.27,0.46724869912642764,1.6669000000000003,1.3289999999999997
2023-01-03,3.63,4.2,1.38,7.68,0.16,2.83,9.87,72.94,100.39,4.22,0.8425745919580911,3.9261999999999997,1.5941999999999994
2023-01-04,2.07,0.87,1.61,4.88,0.12,1.75,11.35,73.62,100.17,2.75,0.5732479657174135,2.0563999999999982,1.6206000000000005
2023-01-05,2.48,1.07,1.91,5.01,0.12,2.61,13.63,75.69,100.26,3.8,0.5881716080705139,2.1580999999999997,1.6207999999999998
2023-01-06,3.97,4.95,1.36,7.94,0.17,3.34,12.97,69.56,100.39,5.07,0.8203528447457707,4.0254,1.3753999999999997
2023-01-07,4.47,6.74,0.99,9.06,0.19,1.66,13.3,60.81,99.9,2.49,0.8154098673464101,4.414100000000002,1.0071000000000006
2023-01-08,2.29,1.09,1.72,5.67,0.12,1.24,12.69,79.94,99.77,2.13,0.6678422370594392,2.4725,1.8210999999999993
2023-01-09,3.66,3.98,1.54,8.29,0.18,1.46,15.6,78.44,99.77,2.28,0.8629524679176372,3.980500000000002,1.6682
2023-01-10,3.7,3.66,1.76,8.42,0.17,2.58,15.15,78.62,99.71,3.84,0.8900803103135826,3.967,1.8415000000000012
2023-01-11,1.11,0.48,0.86,3.22,0.07,2.15,14.01,88.69,99.4,3.09,0.3147646843899086,1.1338,0.8857999999999997
2023-01-12,1.3,0.59,1.01,3.62,0.09,3.11,17.83,91.81,98.88,4.5,0.3586312655214062,1.3092999999999986,0.9939999999999993
2023-01-13,2.02,1.04,1.5,5.4,0.13,3.74,20.01,83.75,98.53,5.41,0.5939195528430472,2.1968999999999994,1.6211999999999998
2023-01-14,2.53,1.87,1.57,5.86,0.13,4.45,15.57,73.75,98.96,6.34,0.6833696506899415,2.700600000000001,1.7147
2023-01-15,0.72,0.33,0.56,2.07,0.05,6.34,5.94,60.56,100.06,8.87,0.20334690956385454,0.7409000000000002,0.5648999999999992
2023-01-16,1.39,0.55,1.1,3.85,0.1,3.89,4.87,55.81,100.32,5.48,0.3927433912476488,1.4128999999999996,1.1067999999999993
2023-01-17,2.48,1.51,1.78,6.02,0.16,3.46,5.4,59.88,100.44,4.91,0.7162768595672682,2.6831000000000005,1.9259000000000004
2023-01-18,2.39,0.87,1.92,5.91,0.16,2.41,7.33,58.31,100.37,3.61,0.6668892522864791,2.4099000000000013,1.8699999999999997
2023-01-19,2.54,1.72,1.6,5.98,0.16,2.31,9.08,64.31,100.17,3.52,0.6820347060502152,2.6416999999999997,1.7580999999999982
2023-01-20,1.51,0.65,1.19,4.05,0.12,2.66,11.2,62.81,100.05,3.87,0.4383040326675371,1.5767999999999998,1.2352000000000003
2023-01-21,2.21,1.29,1.51,5.23,0.13,2.36,13.08,72.62,99.58,3.47,0.5935470796802904,2.2414999999999994,1.5800999999999998
2023-01-22,0.77,0.38,0.57,2.24,0.06,2.74,12.93,86.0,99.49,3.95,0.2251557465889927,0.8161000000000006,0.6292000000000004
2023-01-23,0.84,0.4,0.63,2.49,0.07,4.41,9.86,74.88,99.89,6.14,0.2413062146908258,0.8732999999999999,0.6754999999999999
2023-01-24,4.63,5.56,1.5,9.3,0.2,5.43,7.72,48.5,100.77,7.74,0.8706994768442169,4.396800000000002,1.3514
2023-01-25,4.51,5.06,1.67,9.27,0.2,1.75,6.58,58.5,100.04,2.73,0.8903805913383234,4.4,1.4657999999999998
2023-01-26,0.82,0.43,0.62,2.39,0.06,2.18,8.84,79.81,99.79,3.3,0.2332342108729986,0.8464999999999998,0.6507999999999999
2023-01-27,3.88,3.92,1.68,8.44,0.19,4.88,8.15,51.62,100.59,6.98,0.9032082687601747,4.089699999999999,1.8127000000000004
2023-01-28,3.34,2.16,2.25,7.39,0.16,2.65,7.26,50.62,100.37,4.16,0.8497365071583686,3.3696999999999986,2.1220000000000017
2023-01-29,4.94,6.77,1.17,10.3,0.23,1.92,9.71,49.31,100.21,3.02,0.9215947610191875,4.8956,1.219600000000001
2023-01-30,5.27,7.86,0.95,10.84,0.24,1.3,10.45,48.25,99.9,2.14,0.9317932658826804,5.215200000000005,1.0017000000000003
2023-01-31,4.4,4.93,1.68,9.46,0.21,2.55,12.78,70.81,99.28,3.91,0.9319864095842095,4.571300000000003,1.5641999999999998
2023-02-01,1.02,0.5,0.77,3.12,0.08,1.84,16.76,86.38,99.17,2.79,0.3086365049449107,1.1071999999999997,0.8725
2023-02-02,1.48,0.64,1.13,4.16,0.11,3.32,15.34,83.56,99.58,4.7,0.45028824594174965,1.652,1.2409999999999988
2023-02-03,0.88,0.43,0.66,2.64,0.07,3.2,12.19,77.5,99.66,4.32,0.26382256487914774,0.9561999999999999,0.7372999999999998
2023-02-04,0.82,0.41,0.62,2.44,0.06,3.66,10.86,84.88,99.5,5.04,0.23003598126145725,0.8288999999999999,0.6470999999999998
2023-02-05,1.01,0.5,0.75,2.93,0.07,2.76,10.49,85.31,99.44,3.75,0.30843756137120465,1.1179999999999999,0.8619
2023-02-06,0.94,0.45,0.72,2.82,0.07,2.36,12.32,86.19,99.26,3.27,0.274701362925609,0.9984999999999996,0.7652000000000002
2023-02-07,0.96,0.47,0.74,2.86,0.07,3.05,13.9,84.94,99.36,4.23,0.2858221697622827,1.0396999999999998,0.7955000000000005
2023-02-08,1.02,0.58,0.74,3.02,0.09,2.58,14.59,90.0,99.24,3.62,0.30121904940684774,1.0928999999999995,0.8408
2023-02-09,0.95,0.46,0.73,2.91,0.08,3.19,18.21,85.75,99.19,4.48,0.2826278171763066,1.0266000000000006,0.7879000000000002
2023-02-10,0.84,0.41,0.64,2.59,0.08,2.59,15.02,85.0,99.21,3.63,0.2549078345796547,0.9272000000000006,0.7095
2023-02-11,1.21,0.57,0.93,3.44,0.1,4.76,21.24,86.12,98.69,6.67,0.3836745065421601,1.4090000000000003,1.0561999999999991
2023-02-12,3.14,1.87,2.04,7.73,0.23,4.34,22.79,82.12,98.63,6.13,0.8318028332851694,3.3024999999999984,2.073800000000001
2023-02-13,1.18,0.51,0.92,3.42,0.11,5.59,14.15,70.88,99.5,7.7,0.36227647013821473,1.2960000000000005,1.0273000000000008
2023-02-14,2.73,1.56,1.86,6.65,0.19,5.27,10.12,62.38,100.11,7.2,0.7540669499555844,2.876400000000001,1.9823999999999993
2023-02-15,4.55,4.37,1.83,9.66,0.24,3.54,9.81,61.81,100.3,4.92,0.991050854686982,4.5846000000000044,1.9043000000000003
2023-02-16,4.08,3.12,2.01,8.95,0.23,1.64,11.44,65.25,100.2,2.42,0.9744283061380419,4.152299999999999,2.1822
2023-02-17,1.97,0.8,1.54,4.8,0.13,1.98,14.98,76.38,99.71,3.02,0.5364487646528184,1.9567000000000012,1.4884000000000004
2023-02-18,2.52,1.09,1.86,6.48,0.18,2.09,17.62,83.0,99.52,3.12,0.7604224696884031,2.8160000000000007,2.0729000000000006
2023-02-19,2.43,1.01,1.86,6.35,0.17,4.29,15.75,66.81,99.94,6.02,0.7157553615868545,2.6340000000000003,1.9655999999999993
2023-02-20,5.33,6.06,1.61,11.5,0.3,2.77,14.91,61.31,99.83,4.03,1.0426920590417341,5.3475,1.5467000000000004
2023-02-21,1.84,0.77,1.42,4.47,0.12,3.15,15.04,63.88,99.96,4.41,0.5063116930437537,1.8197999999999996,1.4283000000000001
2023-02-22,1.75,0.72,1.34,4.23,0.12,2.13,14.67,65.81,99.89,3.02,0.49232423999188346,1.7768000000000004,1.3825
2023-02-23,2.64,1.14,1.91,6.08,0.19,2.79,15.71,72.0,99.58,3.79,0.6989266700889615,2.5927000000000016,1.9013999999999993
2023-02-24,1.74,0.93,1.25,3.92,0.11,4.3,12.71,65.38,100.09,6.02,0.5088252487378266,1.8809000000000002,1.39
2023-02-25,5.62,6.4,1.6,11.88,0.3,4.53,11.58,59.31,100.68,6.33,1.0532763485875123,5.504099999999997,1.4732000000000007
2023-02-26,5.42,5.74,1.74,11.1,0.28,3.23,11.36,62.75,100.75,4.66,1.0415805789073604,5.201000000000001,1.6678
2023-02-27,5.14,5.11,1.89,10.34,0.27,1.52,13.44,63.44,100.3,2.33,0.9827606141567475,4.834699999999997,1.6368999999999998
2023-02-28,5.25,5.05,2.05,11.2,0.3,1.55,16.15,70.0,99.95,2.41,1.050961597240361,4.995400000000003,1.9028999999999994
2023-03-01,3.38,1.78,2.17,7.58,0.22,2.7,16.96,71.06,100.05,3.84,0.8625617142613683,3.415199999999997,2.158699999999999
2023-03-02,4.77,3.55,2.44,9.77,0.27,2.98,16.56,69.19,100.18,4.22,1.0298265481805464,4.498900000000001,2.209899999999999
2023-03-03,0.72,0.35,0.55,1.84,0.05,2.38,14.83,78.62,100.24,3.48,0.18858993207239538,0.6845,0.5262
2023-03-04,5.33,4.81,2.16,11.54,0.31,2.09,15.65,68.56,100.21,3.16,1.0637644476739427,5.152700000000001,1.841999999999998
2023-03-05,5.05,3.93,2.4,10.53,0.28,1.21,17.89,59.19,99.95,1.94,1.060146225605958,4.706100000000001,2.2098
2023-03-06,1.46,0.62,1.08,3.34,0.09,2.17,18.44,76.0,99.7,3.3,0.406703720037719,1.4711999999999998,1.1391000000000007
2023-03-07,2.48,0.97,1.82,5.88,0.18,2.46,19.23,70.31,99.59,3.62,0.6894069084907151,2.5372000000000012,1.8930999999999996
2023-03-08,1.23,0.48,0.95,3.27,0.09,1.84,18.68,80.62,99.66,2.81,0.33078381619882513,1.2010000000000003,0.9225999999999999
2023-03-09,5.22,4.52,2.13,12.09,0.34,1.98,19.95,68.06,99.58,2.87,1.1873291689140493,5.490000000000002,2.2837000000000005
2023-03-10,4.05,2.81,2.26,8.95,0.23,2.8,21.48,70.19,99.24,4.12,1.0056660303548615,4.2412,2.290700000000002
2023-03-11,2.39,0.87,1.81,5.65,0.15,1.73,20.64,73.0,99.45,2.59,0.670751932330891,2.4333000000000027,1.8726000000000007
2023-03-12,0.86,0.37,0.65,2.02,0.05,5.07,17.7,57.56,100.06,7.13,0.19763342268276943,0.7278000000000001,0.5422999999999998
2023-03-13,3.08,1.06,2.36,7.29,0.2,2.73,15.87,52.56,99.95,3.7,0.8138454010082224,3.0023999999999984,2.2285
2023-03-14,3.92,2.02,2.6,8.7,0.23,2.55,18.19,63.31,99.15,3.6,1.0058928420718212,3.8468999999999984,2.635799999999999
2023-03-15,1.61,0.61,1.21,4.41,0.12,2.53,20.89,78.31,99.26,3.61,0.4571687177728722,1.6694000000000009,1.2668000000000001
2023-03-16,2.46,0.88,1.88,5.66,0.15,3.09,21.05,76.5,99.34,4.38,0.663016675061347,2.4088000000000016,1.847900000000001
2023-03-17,1.78,0.64,1.36,4.89,0.14,3.73,20.02,74.75,99.3,5.05,0.5002644821229261,1.83,1.3834000000000004
2023-03-18,2.09,0.86,1.5,5.31,0.16,2.91,16.38,74.56,99.33,3.9,0.5966216959726378,2.180600000000001,1.6514999999999993
2023-03-19,1.19,0.47,0.9,3.36,0.1,2.47,18.25,83.31,99.03,3.43,0.3249510457660973,1.1832999999999998,0.9033000000000001
2023-03-20,1.69,0.66,1.26,4.88,0.13,4.61,22.69,78.5,98.53,6.4,0.47965750960385184,1.7566999999999993,1.3246000000000004
2023-03-21,4.35,2.37,2.68,10.26,0.27,4.98,25.12,73.19,98.13,6.88,1.135861434479724,4.506099999999998,2.8349999999999995
2023-03-22,5.62,4.59,2.27,13.38,0.34,3.41,26.53,69.94,98.07,4.73,1.2598364014102053,5.766599999999999,2.4743000000000017
2023-03-23,2.43,1.04,1.7,5.8,0.16,2.68,24.27,81.56,98.23,3.72,0.6631079972375126,2.504399999999998,1.7651000000000008
2023-03-24,1.73,0.63,1.33,4.17,0.11,4.66,20.31,71.56,98.84,6.36,0.479696689093119,1.7346000000000006,1.3440999999999994
2023-03-25,1.37,0.5,1.05,3.76,0.11,4.3,16.01,76.25,99.25,5.88,0.3491080647224257,1.2719000000000003,0.9698999999999995
2023-03-26,1.71,0.59,1.31,4.63,0.13,3.72,14.4,79.44,99.35,5.07,0.43548605015942343,1.5859999999999999,1.2104
2023-03-27,1.97,0.71,1.51,5.52,0.16,3.41,16.11,74.56,99.51,4.68,0.5419254133542074,1.9808000000000001,1.4999999999999998
2023-03-28,1.81,0.65,1.39,4.32,0.12,2.0,16.19,75.38,99.56,2.78,0.46957579186812926,1.7156000000000007,1.3004
2023-03-29,1.32,0.5,1.0,3.26,0.09,2.04,16.47,83.38,99.35,2.93,0.3294148701389265,1.1975000000000005,0.9174999999999998
2023-03-30,5.08,2.98,2.93,11.81,0.33,1.94,17.65,76.75,99.1,2.79,1.2217068256459551,5.084399999999999,2.8420000000000014
2023-03-31,3.27,1.36,2.28,8.01,0.23,1.8,18.47,80.19,99.01,2.58,0.8653934311966872,3.2634000000000003,2.3079
2023-04-01,2.76,0.93,2.1,6.98,0.2,1.52,21.13,79.69,98.8,2.26,0.7406461497770833,2.6932,2.062199999999998
2023-04-02,1.82,0.63,1.38,4.03,0.11,5.12,24.48,82.94,98.4,7.16,0.4555392484722116,1.6741,1.2529999999999994
2023-04-03,2.17,0.76,1.65,5.12,0.14,5.99,25.05,82.19,98.22,8.41,0.5299683380158541,1.9332,1.4703000000000004
2023-04-04,3.53,1.56,2.43,7.85,0.22,4.61,25.66,81.12,98.18,6.47,0.8322674794118274,3.320699999999998,2.0606999999999998
2023-04-05,1.87,0.67,1.4,4.63,0.13,3.84,22.81,80.25,98.55,5.32,0.4962997369062772,1.7816999999999998,1.4019000000000006
2023-04-06,3.61,2.84,1.77,9.2,0.27,4.63,17.48,70.69,99.25,6.45,1.0056544054936474,4.247199999999999,2.285400000000001
2023-04-07,4.64,2.27,2.91,10.59,0.3,3.23,17.44,65.44,99.53,4.55,1.1204206326154362,4.456500000000002,2.7862999999999998
2023-04-08,3.85,1.66,2.64,8.56,0.24,2.38,18.19,67.19,99.81,3.34,0.9997275939466436,3.7096999999999998,2.7187
2023-04-09,2.43,0.8,1.85,5.79,0.16,1.58,20.09,74.0,99.39,2.34,0.6387644792790201,2.2903000000000002,1.8067999999999997
2023-04-10,1.67,0.6,1.26,4.68,0.14,3.01,22.23,82.62,98.92,4.27,0.4467984831004072,1.626099999999999,1.2428000000000003
2023-04-11,2.05,0.73,1.55,5.41,0.16,3.62,24.63,82.25,98.7,5.15,0.5566496618778078,2.0317000000000003,1.543299999999999
2023-04-12,3.96,1.47,2.89,8.63,0.25,2.19,25.15,78.94,98.81,3.22,0.9389608879778464,3.649099999999999,2.4097000000000017
2023-04-13,3.03,1.11,2.24,6.55,0.2,4.04,24.99,76.94,98.71,5.66,0.779594622762764,2.9224,2.094300000000001
2023-04-14,2.56,0.92,1.94,5.7,0.16,3.74,24.01,81.31,98.74,5.24,0.6402548818544632,2.3607,1.7543000000000013
2023-04-15,4.66,3.19,2.46,11.37,0.35,2.59,23.04,63.94,99.06,3.59,1.1631836231611867,4.919600000000001,2.6372000000000013
2023-04-16,7.51,8.78,1.25,17.77,0.48,1.46,23.93,60.44,98.65,2.23,1.3665066134520014,7.624899999999999,1.4894
2023-04-17,2.0,0.71,1.52,4.7,0.12,4.31,24.55,79.75,98.53,6.18,0.5200528435876527,1.9030999999999993,1.4375
2023-04-18,2.31,0.82,1.75,5.7,0.15,4.2,26.67,80.88,98.33,5.96,0.5997286270268428,2.1767000000000003,1.6734000000000016
2023-04-19,5.4,3.34,2.82,12.98,0.34,1.81,26.15,75.06,98.09,2.7,1.320887667732016,5.575299999999999,3.004599999999999
2023-04-20,5.38,3.21,2.8,11.23,0.3,1.5,25.22,74.69,98.1,2.32,1.1708090686659405,4.933599999999999,2.6704000000000008
2023-04-21,3.1,1.21,2.24,6.52,0.17,2.81,26.08,82.88,98.12,4.1,0.7802844672907486,2.888799999999999,2.1277
2023-04-22,1.79,0.63,1.37,4.34,0.12,4.16,26.62,82.81,98.33,5.88,0.4462313476507402,1.6033,1.2592999999999994
2023-04-23,2.11,0.82,1.56,4.77,0.12,3.16,25.33,87.81,98.74,4.55,0.5102109915125518,1.8922000000000003,1.3883999999999994
2023-04-24,1.98,0.68,1.48,5.05,0.14,4.64,16.5,77.31,99.41,6.45,0.5134036102025535,1.8695000000000004,1.4272
2023-04-25,5.72,4.66,2.3,14.29,0.41,3.63,16.44,73.31,99.54,5.23,1.3378396727079616,6.105400000000003,2.6433999999999993
2023-04-26,7.14,6.96,1.92,16.93,0.48,2.2,19.11,67.88,99.22,3.39,1.355168213093577,7.176500000000004,1.8128000000000009
2023-04-27,1.56,0.57,1.16,4.54,0.13,3.59,22.26,77.56,98.92,5.21,0.4269472558422511,1.5684000000000002,1.1749000000000003
2023-04-28,1.94,0.76,1.43,5.69,0.18,4.12,25.34,80.88,98.82,5.88,0.5686898476268256,2.0808999999999997,1.5720999999999996
2023-04-29,3.55,1.15,2.68,8.75,0.27,3.87,19.23,74.75,99.22,5.72,0.8733414050031272,3.2554000000000003,2.3622000000000027
2023-04-30,5.69,2.93,3.48,13.37,0.4,1.76,20.48,59.88,99.13,2.64,1.3017008486414567,5.390800000000001,3.051200000000001
2023-05-01,6.49,4.94,2.59,15.56,0.45,1.88,22.77,66.88,98.97,2.73,1.397942451842364,6.451900000000002,2.6992000000000007
2023-05-02,1.91,0.7,1.43,5.74,0.17,4.81,25.15,81.56,98.81,6.88,0.5259704545977307,1.9464999999999997,1.4348999999999998
2023-05-03,2.42,0.86,1.79,7.16,0.23,5.8,25.83,77.81,98.59,8.29,0.6804150929080981,2.4954,1.8759999999999988
2023-05-04,3.03,1.17,2.19,8.78,0.3,5.0,26.73,77.56,98.18,7.16,0.8715745581217564,3.230599999999999,2.3733
2023-05-05,2.68,1.05,1.96,7.55,0.24,3.98,28.12,76.06,97.83,5.71,0.7600379462705643,2.8829999999999996,2.012199999999998
2023-05-06,4.17,2.11,2.44,10.47,0.34,3.89,28.2,76.19,97.88,5.5,1.1639121310385405,4.5955999999999975,2.9239999999999986
2023-05-07,3.61,1.41,2.54,9.55,0.29,4.57,19.52,80.19,98.65,6.54,0.9803560830925755,3.6656000000000004,2.641799999999999
2023-05-08,1.78,0.64,1.32,5.33,0.16,3.27,20.18,78.56,99.05,4.7,0.49875687732832974,1.8306000000000018,1.3739000000000008
2023-05-09,2.17,0.77,1.57,6.35,0.2,1.88,20.89,84.94,99.0,2.71,0.5996575793022227,2.1917,1.6599000000000006
2023-05-10,1.3,0.5,0.94,3.84,0.12,2.31,24.55,86.81,98.86,3.29,0.34630557788560973,1.2600999999999996,0.9635000000000004
2023-05-11,1.59,0.57,1.2,4.25,0.12,3.7,21.07,80.94,99.31,5.27,0.4295701693160311,1.5667,1.1919999999999997
2023-05-12,5.31,3.03,2.86,13.45,0.4,2.55,22.14,72.19,99.39,3.66,1.3006130958334226,5.379699999999999,3.0544000000000007
2023-05-13,2.41,0.84,1.79,6.95,0.2,1.12,23.12,70.81,99.18,1.77,0.6818718759488659,2.4682999999999997,1.9083000000000012
2023-05-14,3.23,1.03,2.44,9.01,0.27,0.67,23.53,69.31,98.93,1.16,0.8879583891527588,3.1818,2.5134000000000007
2023-05-15,6.31,3.94,2.99,16.18,0.51,1.5,24.98,71.38,98.63,2.18,1.524589489972807,6.569600000000003,3.3507000000000016
2023-05-16,3.05,1.14,2.2,8.74,0.28,4.23,26.92,79.31,98.24,6.09,0.861014856634824,3.2077999999999993,2.3303000000000003
2023-05-17,5.08,2.6,3.07,13.07,0.4,2.68,28.77,75.31,98.16,3.95,1.2989043359652337,5.2079,3.194000000000002
2023-05-18,4.93,2.6,2.8,12.56,0.38,2.12,27.6,72.88,98.42,3.31,1.2520040506835337,5.103100000000001,3.0061
2023-05-19,4.49,1.77,3.05,11.35,0.34,1.7,27.05,77.5,98.41,2.64,1.1812760338114154,4.477100000000002,3.130699999999999
2023-05-20,3.95,1.38,2.91,10.03,0.29,2.75,27.86,80.25,98.33,4.09,0.9893586677762853,3.7185999999999995,2.6492
2023-05-21,4.42,2.16,2.78,11.18,0.33,3.3,28.61,82.12,98.33,4.82,1.101832379385065,4.279299999999999,2.8301000000000003
2023-05-22,2.73,0.99,2.0,7.49,0.22,3.46,24.21,85.19,98.62,5.04,0.7447491345500439,2.7732999999999985,2.0168
2023-05-23,2.33,0.83,1.72,6.66,0.21,2.4,21.7,81.12,98.82,3.39,0.6574534817209435,2.4167999999999994,1.8078000000000005
2023-05-24,3.02,1.05,2.24,8.4,0.27,1.48,23.98,85.56,98.7,2.15,0.8190998464687076,3.0180999999999996,2.2460999999999993
2023-05-25,3.82,1.43,2.77,10.62,0.34,2.99,26.54,87.19,98.66,4.38,1.0390614548119568,3.8819999999999997,2.8026999999999993
2023-05-26,5.11,3.05,2.83,14.03,0.42,3.18,26.91,85.12,98.67,4.69,1.292450216365934,5.3072,3.069000000000001
2023-05-27,5.01,3.44,2.57,13.54,0.42,3.45,27.54,82.38,98.56,5.07,1.218639973349508,5.185499999999999,2.735599999999999
2023-05-28,5.61,4.03,2.63,15.08,0.46,2.45,28.14,80.31,98.63,3.67,1.3638754263128408,5.987400000000001,2.9013000000000018
2023-05-29,6.74,6.03,2.35,17.42,0.52,1.38,28.76,77.25,98.62,2.07,1.3948218746207908,6.875299999999999,2.3114999999999997
2023-05-30,7.71,8.88,1.3,19.6,0.58,0.81,30.4,67.75,98.41,1.17,1.370785691365085,7.607899999999997,1.529699999999999
2023-05-31,6.88,6.14,2.26,17.33,0.51,1.23,29.89,74.12,98.16,1.98,1.367408524122585,6.869299999999999,2.1535000000000015
2023-06-01,6.19,3.54,3.38,15.43,0.47,1.07,29.82,75.12,98.04,1.76,1.4720643521254855,6.220600000000002,3.3421999999999996
2023-06-02,6.18,4.53,2.82,15.82,0.48,1.8,29.57,78.94,98.18,2.77,1.3787392589446519,6.235399999999999,2.7736000000000005
2023-06-03,5.92,4.49,2.56,15.27,0.45,1.85,29.82,80.06,98.4,2.82,1.34140950604808,6.052700000000001,2.7106000000000012
2023-06-04,6.57,5.31,2.49,16.73,0.51,2.27,29.18,78.06,98.46,3.43,1.384178969490972,6.5584000000000024,2.524399999999999
2023-06-05,5.53,2.87,3.3,14.78,0.44,1.59,28.73,79.06,98.51,2.44,1.4351952626668214,5.720100000000002,3.559000000000001
2023-06-06,5.27,3.17,2.73,14.1,0.42,2.24,26.84,84.19,98.55,3.31,1.326910720960252,5.430500000000002,3.1667000000000014
2023-06-07,4.67,2.23,3.02,13.11,0.4,1.91,26.97,83.5,98.53,2.85,1.2693864616914745,4.957999999999996,3.2360999999999978
2023-06-08,4.78,2.18,3.05,13.66,0.42,1.23,27.92,81.56,98.4,1.88,1.353713831013203,5.279200000000002,3.4582000000000015
2023-06-09,4.43,1.9,2.97,12.48,0.39,2.02,26.98,82.69,98.22,3.03,1.2392924378955692,4.7762,3.215399999999998
2023-06-10,5.61,3.17,3.41,15.08,0.46,1.77,27.63,70.69,98.04,2.7,1.4973749537662915,6.1472000000000016,3.5568999999999975
2023-06-11,6.41,4.91,2.41,16.84,0.53,1.16,28.9,65.38,98.01,1.83,1.4643886668909023,6.655099999999999,2.917700000000001
2023-06-12,5.58,3.74,2.74,14.8,0.46,0.99,28.83,68.12,98.01,1.66,1.4194988182759156,6.130100000000002,3.108099999999999
2023-06-13,3.01,1.0,2.26,8.59,0.26,2.04,26.41,84.25,98.13,3.0,0.8051085176343687,2.9744999999999986,2.2008000000000005
2023-06-14,4.79,2.2,3.07,13.25,0.41,1.62,25.66,81.0,98.37,2.47,1.324203761757523,5.198199999999998,3.3530999999999995
2023-06-15,5.42,2.61,3.43,14.02,0.44,1.57,27.36,76.25,98.31,2.48,1.378408293877036,5.4575,3.4498
2023-06-16,3.86,1.25,2.9,10.9,0.34,2.09,27.15,84.56,98.22,3.15,1.0356621136351931,3.8285,2.829100000000001
2023-06-17,3.12,1.06,2.31,9.27,0.3,3.83,27.39,87.31,98.32,5.67,0.8642014390094181,3.161200000000002,2.3898999999999995
2023-06-18,4.31,2.04,2.74,11.89,0.38,3.32,27.3,88.62,98.35,4.95,1.1023947820490465,4.314800000000001,2.802500000000001
2023-06-19,4.94,1.89,3.46,13.61,0.42,2.68,27.97,86.75,98.24,3.99,1.3444665994024292,5.056599999999999,3.597199999999999
2023-06-20,2.96,1.0,2.19,8.47,0.26,2.24,27.9,86.44,98.28,3.38,0.7885476693328258,2.9231,2.1470000000000002
2023-06-21,4.32,1.56,3.12,12.29,0.38,1.93,28.46,84.81,98.33,2.91,1.212710533610424,4.508499999999999,3.290500000000001
2023-06-22,0.83,0.37,0.6,2.82,0.08,2.34,27.15,91.25,98.27,3.5,0.2502510954899489,0.9242999999999995,0.6842999999999997
2023-06-23,2.18,0.76,1.64,7.09,0.22,1.26,26.27,81.94,98.31,1.9,0.6333222785243083,2.2606999999999995,1.8001999999999994
2023-06-24,1.41,0.53,1.04,4.8,0.16,1.48,24.4,89.5,98.37,2.19,0.4072652594830016,1.5005000000000002,1.1168999999999998
2023-06-25,2.16,0.77,1.6,7.01,0.23,2.12,25.89,90.56,98.41,3.2,0.6341882621869803,2.274300000000001,1.7935000000000003
2023-06-26,2.86,1.04,2.15,8.59,0.26,1.8,26.34,86.75,98.58,2.77,0.8177593219848496,3.0163999999999986,2.2396000000000003
2023-06-27,5.11,2.72,3.02,14.13,0.45,2.61,26.96,85.94,98.62,3.91,1.3339728732342075,5.316999999999999,3.307700000000001
2023-06-28,5.56,3.96,2.57,14.95,0.47,2.76,27.82,83.25,98.56,4.12,1.312559501518386,5.728099999999999,2.8218000000000014
2023-06-29,5.32,3.31,2.91,14.42,0.46,2.83,28.33,83.94,98.31,4.22,1.331584705777481,5.498900000000003,3.134899999999999
2023-06-30,4.74,2.03,3.25,12.78,0.4,2.87,28.69,85.38,98.12,4.23,1.2379682611138407,4.7246000000000015,3.2524999999999995
2023-07-01,5.53,2.93,3.29,14.87,0.47,2.97,29.51,82.38,98.2,4.39,1.441632189991737,5.723,3.594800000000001
2023-07-02,5.71,2.83,3.57,14.83,0.48,2.8,28.84,85.81,98.29,4.16,1.4057575086156908,5.547599999999999,3.534100000000002
2023-07-03,5.46,2.98,3.25,14.78,0.5,3.11,28.31,87.06,98.36,4.59,1.3727779223789998,5.461599999999997,3.412699999999999
2023-07-04,4.91,2.04,3.36,13.61,0.45,2.88,28.3,86.75,98.36,4.23,1.3560154476154336,5.109899999999999,3.6194999999999995
2023-07-05,5.49,2.73,3.44,14.89,0.48,3.33,28.44,85.25,98.31,4.9,1.4445651163391713,5.613300000000001,3.7078999999999995
2023-07-06,5.11,3.22,2.91,14.08,0.45,4.28,28.75,83.5,98.28,6.3,1.3166025149675404,5.447500000000003,3.090500000000002
2023-07-07,4.65,2.4,2.97,13.02,0.42,4.27,28.92,82.94,98.33,6.29,1.2551393374296753,4.8943,3.2068000000000008
2023-07-08,5.09,2.23,3.53,13.98,0.46,3.78,29.28,82.06,98.44,5.58,1.3783656142753156,5.3066,3.5810999999999984
2023-07-09,5.7,3.47,3.21,14.94,0.48,2.95,28.97,81.5,98.51,4.36,1.4059018615593804,5.845100000000002,3.2756
2023-07-10,5.84,3.99,2.8,15.57,0.51,3.09,28.68,80.31,98.39,4.56,1.4304822139682798,6.036500000000001,3.255100000000001
2023-07-11,5.85,3.4,3.47,15.47,0.49,3.54,28.97,80.75,98.33,5.23,1.451399190659334,5.974499999999999,3.4337
2023-07-12,5.63,3.87,2.83,15.09,0.49,3.55,29.11,80.19,98.32,5.25,1.3746086462009568,5.9412999999999965,3.005400000000001
2023-07-13,4.77,2.57,2.91,12.91,0.42,2.72,29.01,82.5,98.25,4.06,1.2204037020039227,4.8844,3.0085999999999986
2023-07-14,6.16,3.21,3.78,16.25,0.55,1.66,29.9,79.25,98.24,2.52,1.5366308711021681,6.316099999999999,3.643400000000002
2023-07-15,6.35,4.21,2.99,16.56,0.55,2.62,28.71,75.12,98.12,3.92,1.5001159765440082,6.519100000000002,3.2490000000000028
2023-07-16,6.11,4.36,3.01,15.72,0.51,2.8,28.85,74.75,97.99,4.28,1.4697162398076875,6.425600000000002,3.149500000000002
2023-07-17,3.86,1.58,2.73,11.06,0.38,4.71,28.46,76.69,97.88,6.98,1.1259932094828553,4.165700000000002,3.072999999999999
2023-07-18,2.07,0.73,1.56,6.66,0.24,4.94,27.06,86.75,98.04,7.35,0.6133435696230672,2.1472999999999987,1.7801000000000005
2023-07-19,5.08,2.44,3.25,13.98,0.48,1.85,28.17,82.5,98.42,2.74,1.3879172528105885,5.396499999999998,3.5595999999999988
2023-07-20,5.16,3.41,2.52,14.4,0.5,1.41,28.23,83.56,98.53,2.12,1.3457418374978594,5.585500000000004,3.143699999999999
2023-07-21,5.01,2.51,3.05,14.02,0.49,1.81,26.98,87.19,98.72,2.77,1.3478737542989458,5.306300000000002,3.3997999999999995
2023-07-22,5.93,4.52,2.53,15.91,0.55,1.64,28.73,80.25,98.72,2.55,1.3821445916853567,6.172400000000002,2.8487999999999998
2023-07-23,6.08,3.96,3.19,16.33,0.57,1.82,28.51,80.25,98.62,2.78,1.5014982117477023,6.333999999999999,3.4186000000000014
2023-07-24,6.24,4.87,2.93,16.31,0.55,1.76,29.01,74.69,98.44,2.72,1.4219991407655255,6.5553,2.7522999999999995
2023-07-25,6.21,3.63,3.55,16.31,0.55,1.52,29.37,71.94,98.38,2.34,1.5411390977848254,6.481899999999999,3.525700000000002
2023-07-26,6.19,3.83,3.23,16.11,0.54,0.87,28.97,77.19,98.26,1.53,1.5043459168753852,6.355399999999999,3.416900000000001
2023-07-27,6.2,3.79,3.38,15.72,0.52,1.66,28.97,75.94,97.98,2.66,1.4764480972978646,6.286100000000001,3.311200000000001
2023-07-28,5.6,3.62,2.78,14.95,0.5,1.7,30.15,75.5,97.72,2.66,1.411700660406246,6.011799999999998,3.164800000000001
2023-07-29,4.85,1.77,3.53,13.2,0.45,1.31,29.74,78.75,97.87,2.09,1.3611769028878824,5.2009000000000025,3.570900000000001
2023-07-30,2.62,0.94,1.98,7.59,0.24,1.64,27.68,85.06,98.13,2.52,0.7344292862927707,2.741700000000002,1.9829
2023-07-31,3.25,1.14,2.42,9.34,0.32,1.27,27.23,86.75,98.29,1.91,0.9123397979879524,3.384,2.4822999999999995
2023-08-01,3.95,1.66,2.71,11.2,0.38,1.1,27.55,85.0,98.24,1.64,1.118624421381164,4.1741,3.0217999999999994
2023-08-02,5.13,1.99,3.57,14.04,0.48,0.79,27.03,87.0,98.21,1.23,1.3880089518998675,5.323599999999999,3.6237000000000013
2023-08-03,5.6,2.55,3.62,15.14,0.52,1.25,28.88,78.31,98.08,1.9,1.5103197914997357,5.935199999999998,3.8187999999999995
2023-08-04,5.83,4.3,2.65,15.37,0.5,1.57,29.35,76.88,98.13,2.46,1.401700433550073,6.295300000000003,2.858100000000001
2023-08-05,4.53,2.57,2.68,12.88,0.45,2.16,28.5,86.12,98.04,3.17,1.1691420692414394,4.730999999999999,2.8371
2023-08-06,4.75,2.99,2.64,13.3,0.46,1.88,28.52,84.31,97.8,2.84,1.2426514029596256,5.150600000000001,2.909
2023-08-07,3.81,1.65,2.61,11.28,0.4,1.66,28.62,84.19,97.81,2.55,1.1657374629788413,4.371200000000003,3.1304999999999996
2023-08-08,4.62,2.77,2.57,13.07,0.47,1.66,28.88,83.38,98.01,2.47,1.2585994522372252,5.123599999999997,3.0274999999999994
2023-08-09,4.84,2.32,3.17,13.27,0.45,1.54,29.04,80.81,98.22,2.31,1.340599684065785,5.255700000000001,3.4006
2023-08-10,5.67,4.02,2.58,15.27,0.52,0.94,29.62,79.25,98.22,1.43,1.3705190587211704,6.0119,2.9195000000000007
2023-08-11,5.33,3.36,2.69,14.42,0.48,1.59,28.76,83.19,98.03,2.37,1.3447552891295569,5.600900000000006,3.1243999999999987
2023-08-12,5.86,3.7,3.22,15.43,0.51,1.07,28.86,78.75,98.04,1.72,1.4383393345007915,6.053000000000002,3.287500000000001
2023-08-13,5.13,2.59,3.33,13.25,0.42,0.86,29.05,77.62,98.04,1.43,1.3566881645100437,5.381300000000003,3.386900000000001
2023-08-14,3.24,1.22,2.35,9.21,0.3,1.32,28.01,84.25,98.23,2.03,0.9227492270668394,3.4519999999999977,2.484999999999999
2023-08-15,4.65,2.29,3.02,12.89,0.42,0.98,28.31,80.31,98.36,1.5,1.2894883150096736,5.0298000000000025,3.2932000000000015
2023-08-16,5.15,3.6,2.45,14.11,0.48,1.59,29.05,81.44,98.39,2.39,1.327228996566356,5.576400000000002,3.041400000000001
2023-08-17,4.39,1.88,3.01,12.19,0.41,1.7,29.91,80.56,98.27,2.6,1.2406605232229626,4.781300000000001,3.219100000000001
2023-08-18,4.22,2.38,2.39,11.5,0.38,0.7,30.44,78.62,98.19,1.22,1.1818841460442342,4.712499999999996,2.929099999999999
2023-08-19,5.94,4.14,2.79,14.66,0.47,1.21,29.93,77.56,98.31,1.88,1.3348067646492578,5.9716999999999985,2.7419
2023-08-20,4.99,2.53,3.03,13.32,0.45,1.8,27.05,89.44,98.45,2.77,1.230528917808597,4.942199999999997,3.0184999999999995
2023-08-21,4.67,1.82,3.33,12.67,0.44,1.7,28.03,79.5,98.49,2.63,1.306589565086254,4.993699999999999,3.4265000000000025
2023-08-22,3.52,1.3,2.52,9.95,0.35,1.1,28.69,80.25,98.33,1.78,0.9751907756564888,3.6481000000000012,2.626300000000002
2023-08-23,0.91,0.42,0.66,2.84,0.09,1.18,28.33,85.44,98.28,1.9,0.27585801535628723,1.0103000000000002,0.7618000000000004
2023-08-24,4.14,1.42,3.08,11.34,0.41,1.52,26.86,87.06,98.47,2.37,1.0941173058210376,4.080699999999998,2.9572999999999996
2023-08-25,4.44,2.12,2.93,11.91,0.41,1.2,27.48,84.31,98.41,1.88,1.1538665665542556,4.495099999999998,2.9518000000000004
2023-08-26,4.95,2.1,3.41,13.2,0.46,2.13,27.82,84.38,98.15,3.19,1.3043352353187028,4.907300000000002,3.4884000000000004
2023-08-27,4.02,1.33,3.04,10.95,0.38,2.01,28.37,87.0,97.92,2.97,1.067963473989631,3.9226,2.9393999999999996
2023-08-28,1.22,0.47,0.93,4.02,0.13,3.43,24.03,89.88,98.18,5.09,0.33761003826325026,1.2450999999999999,0.9247999999999996
2023-08-29,3.21,1.39,2.21,9.02,0.31,2.91,23.79,81.94,98.51,4.38,0.9061733047585784,3.3935000000000017,2.4372999999999996
2023-08-30,3.34,1.79,2.22,9.52,0.33,2.61,24.82,80.56,98.63,4.0,1.0096840589425158,3.932900000000001,2.583399999999999
2023-08-31,4.7,2.39,2.89,12.19,0.41,2.79,25.46,76.81,98.55,4.27,1.2410954827798428,4.882,3.1338999999999984
2023-09-01,6.53,6.79,1.55,16.75,0.55,2.88,26.65,77.31,98.42,4.41,1.3149394296065573,6.716599999999999,1.9742000000000004
2023-09-02,3.0,1.05,2.25,8.83,0.3,3.65,23.95,81.62,98.34,5.5,0.8606358881991923,3.139600000000001,2.3875
2023-09-03,2.1,0.81,1.54,6.41,0.23,4.21,22.9,87.62,98.33,6.24,0.634301943518757,2.265899999999999,1.801500000000001
2023-09-04,5.36,3.68,2.74,14.25,0.47,3.13,24.85,83.75,98.42,4.69,1.281468584403856,5.5302000000000024,2.809200000000002
2023-09-05,6.55,6.88,1.71,16.61,0.53,2.28,26.83,79.5,98.51,3.5,1.2795384469656363,6.589399999999999,1.8743000000000007
2023-09-06,6.04,5.41,2.26,15.32,0.48,2.15,27.88,79.56,98.6,3.34,1.294309932600065,6.228599999999999,2.276799999999999
2023-09-07,2.99,1.08,2.25,8.72,0.3,1.9,27.54,81.25,98.6,2.86,0.873842621073416,3.1704999999999997,2.4391999999999996
2023-09-08,4.65,2.27,3.03,12.48,0.42,2.52,26.96,83.81,98.55,3.91,1.220354134055964,4.738500000000005,3.135499999999999
2023-09-09,4.48,1.78,3.2,12.24,0.41,2.38,26.77,83.12,98.41,3.71,1.184944930947867,4.49,3.1412999999999998
2023-09-10,4.47,2.26,2.85,12.17,0.41,1.93,27.0,84.81,98.36,2.99,1.1722067423585036,4.548100000000001,3.014800000000002
2023-09-11,3.18,1.36,2.32,9.09,0.3,1.66,26.93,85.94,98.29,2.52,0.9324907652690261,3.5284000000000004,2.4763999999999986
2023-09-12,3.8,1.58,2.73,10.58,0.35,1.19,27.63,81.94,98.35,1.88,1.0892284750113816,4.1190000000000015,2.894799999999999
2023-09-13,1.84,0.69,1.39,5.7,0.2,3.18,24.98,85.56,98.5,4.76,0.5131340442980953,1.8788999999999998,1.4174
2023-09-14,1.6,0.67,1.18,5.2,0.18,2.95,22.23,90.06,98.77,4.38,0.4908997505803365,1.7946,1.3585000000000005
2023-09-15,4.2,2.01,2.81,11.26,0.38,1.72,23.96,85.0,98.82,2.62,1.1356473659323516,4.349899999999996,2.969900000000002
2023-09-16,4.56,2.81,2.69,12.09,0.4,1.09,26.37,81.81,98.85,1.72,1.1804674330595517,4.8095000000000026,2.836099999999999
2023-09-17,4.75,3.17,2.7,12.69,0.41,1.39,26.08,89.81,98.75,2.16,1.1794193336154073,4.911999999999997,2.7404999999999986
2023-09-18,4.59,3.4,2.27,12.34,0.41,1.85,27.55,84.62,98.8,2.88,1.1650189268679838,4.906899999999997,2.659199999999999
2023-09-19,4.23,3.0,2.4,11.49,0.38,2.34,27.55,84.44,98.83,3.55,1.1571764338156871,4.8476,2.6641999999999997
2023-09-20,4.99,3.31,2.79,12.98,0.41,1.77,27.91,84.19,98.82,2.78,1.21824463607911,5.100899999999999,2.8070000000000004
2023-09-21,5.61,4.13,2.78,14.26,0.46,1.47,28.14,84.12,98.82,2.36,1.2639871008979056,5.582399999999998,2.6595999999999997
2023-09-22,4.82,3.14,2.53,12.24,0.39,1.79,27.08,85.12,98.86,2.76,1.1750902909517111,4.889199999999999,2.734599999999999
2023-09-23,4.38,2.96,2.3,10.98,0.35,1.52,27.12,81.06,98.86,2.33,1.1653173173666183,4.812700000000003,2.7431
2023-09-24,4.83,3.29,2.57,11.96,0.38,1.49,27.1,84.88,98.78,2.39,1.150497918122041,4.813799999999998,2.6538999999999997
2023-09-25,5.11,3.72,2.62,12.73,0.41,1.3,27.87,80.38,98.82,2.16,1.200659414416667,5.283499999999999,2.543099999999999
2023-09-26,5.27,3.82,2.65,13.2,0.42,1.67,27.75,80.31,98.88,2.65,1.2314075412089287,5.431799999999999,2.5968999999999998
2023-09-27,5.46,4.69,2.3,13.43,0.42,1.49,27.66,80.5,98.9,2.36,1.2033517523546622,5.578099999999998,2.3023
2023-09-28,4.28,2.31,2.64,10.91,0.35,1.59,27.13,81.81,99.02,2.52,1.1084807694410068,4.369099999999999,2.7914
2023-09-29,5.05,3.74,2.42,12.48,0.39,0.96,27.25,81.5,99.03,1.6,1.1698927694445664,5.1305999999999985,2.4932000000000003
2023-09-30,5.55,5.33,2.04,13.65,0.42,0.84,28.36,77.0,98.87,1.43,1.1947708293823631,5.787099999999997,2.0689999999999995
2023-10-01,4.7,3.37,2.34,11.72,0.38,1.45,28.13,79.5,98.79,2.31,1.1823992506856698,4.9686,2.708900000000001
2023-10-02,3.65,1.9,2.41,9.46,0.31,1.66,27.42,82.0,98.86,2.66,1.0043572821172304,3.958000000000001,2.5298000000000003
2023-10-03,5.34,5.02,2.1,13.21,0.41,1.15,27.31,79.81,98.89,1.88,1.1635864531775577,5.544399999999999,2.0948999999999995
2023-10-04,5.26,5.0,2.03,12.65,0.38,1.2,27.52,75.88,98.86,1.95,1.157701995286109,5.486199999999996,2.110599999999999
2023-10-05,4.02,2.9,2.22,9.98,0.3,3.02,25.9,75.25,98.87,4.48,1.0665503543496222,4.4850999999999965,2.4406000000000008
2023-10-06,4.84,3.96,2.31,11.89,0.36,2.61,24.37,74.81,98.94,3.84,1.1585015359709299,5.100400000000004,2.451700000000002
2023-10-07,3.49,2.08,2.15,9.28,0.3,3.68,21.42,69.56,99.27,5.38,1.0072803771680476,4.0773,2.4432000000000005
2023-10-08,3.85,2.33,2.45,9.97,0.31,3.36,21.08,72.81,99.4,4.91,1.0723016861128456,4.341999999999997,2.5996000000000006
2023-10-09,2.77,1.06,2.11,7.76,0.25,3.26,21.48,75.25,99.52,4.77,0.8008475151039067,2.9578999999999995,2.1898999999999997
2023-10-10,1.86,0.7,1.42,5.55,0.18,2.98,19.71,83.88,99.66,4.39,0.5223605387705655,1.8903000000000003,1.4623999999999993
2023-10-11,2.01,0.74,1.54,5.9,0.2,2.66,19.83,81.12,99.7,3.97,0.5794803696244911,2.127299999999999,1.5958999999999997
2023-10-12,2.91,1.18,2.15,8.05,0.26,1.81,21.61,76.69,99.68,2.85,0.8458750585440935,3.1567000000000003,2.2846999999999995
2023-10-13,3.15,1.34,2.32,8.28,0.26,2.2,21.91,75.75,99.52,3.39,0.9280614025169344,3.5516000000000014,2.429800000000001
2023-10-14,2.95,1.12,2.21,7.72,0.24,2.18,21.53,76.81,99.35,3.27,0.8164067497321025,3.0449,2.2066999999999997
2023-10-15,5.81,7.46,1.16,13.59,0.4,2.11,21.55,71.31,99.27,3.41,1.0701757655931503,5.870500000000002,1.2543999999999997
2023-10-16,5.86,7.88,1.02,13.72,0.41,1.8,22.21,64.88,99.35,2.88,1.121989466014064,6.059100000000004,1.3985000000000003
2023-10-17,5.85,8.02,0.96,13.77,0.41,1.29,22.8,65.75,99.3,2.13,1.1334961109861639,6.105000000000003,1.4269999999999998
2023-10-18,4.72,2.81,2.88,11.4,0.35,1.32,24.26,77.25,99.26,2.16,1.193397293747788,4.8946,2.8388999999999998
2023-10-19,1.87,0.7,1.44,5.42,0.16,1.6,23.9,88.31,99.26,2.48,0.5306887658959145,1.9286,1.4786000000000004
2023-10-20,2.5,0.92,1.92,6.62,0.2,5.32,19.17,74.12,99.74,7.85,0.6853340754604806,2.4829999999999974,1.9161000000000001
2023-10-21,4.35,3.63,2.11,10.66,0.32,2.83,18.4,71.38,99.88,4.25,1.0684102759495786,4.699800000000002,2.264500000000003
2023-10-22,5.24,6.07,1.51,12.59,0.38,1.8,19.75,68.5,99.74,2.83,1.13359717619911,5.6947,1.7852999999999997
2023-10-23,4.8,4.66,1.79,11.78,0.35,1.22,21.82,73.12,99.54,1.93,1.1278499492030087,5.205800000000003,2.177299999999998
2023-10-24,4.07,3.2,1.96,10.52,0.32,1.03,24.57,76.94,99.41,1.55,1.115921141296756,4.676400000000003,2.5677999999999996
2023-10-25,4.6,4.81,1.85,11.43,0.34,1.15,25.46,78.44,99.26,1.85,1.064903406607496,5.045200000000001,1.9424999999999988
2023-10-26,3.52,2.79,1.88,8.89,0.27,1.48,25.39,80.19,99.2,2.25,0.976145162163777,4.055399999999997,2.2768999999999995
2023-10-27,1.31,0.49,1.03,3.66,0.1,2.02,22.7,83.25,99.29,3.0,0.34126213495558644,1.2385000000000002,0.9523
2023-10-28,4.24,3.78,1.94,10.21,0.3,2.05,21.77,75.69,99.37,3.16,1.0437257239405247,4.5421,2.2550000000000012
2023-10-29,1.19,0.47,0.92,3.41,0.09,2.2,19.79,86.25,99.54,3.34,0.3335514222365181,1.2113000000000003,0.9301000000000009
2023-10-30,4.64,4.76,1.83,10.88,0.3,1.74,21.14,77.19,99.64,2.81,1.030351597240361,4.880900000000003,1.8799999999999986
2023-10-31,5.33,6.92,1.23,12.19,0.34,1.59,21.01,69.12,99.73,2.54,1.0009575625293226,5.4193,1.2355999999999998
2023-11-01,5.17,6.7,1.27,11.68,0.33,0.97,21.28,68.56,99.55,1.75,1.0191594739153327,5.362500000000001,1.3935
2023-11-02,5.03,6.16,1.38,11.38,0.32,1.08,21.56,73.69,99.25,1.75,1.0058454493190219,5.1213000000000015,1.5245000000000004
2023-11-03,3.26,1.82,2.14,8.4,0.25,1.59,23.4,83.25,99.02,2.43,0.9362062041156077,3.6499000000000006,2.392600000000001
2023-11-04,2.81,1.64,1.89,7.38,0.22,2.68,24.7,82.94,99.0,4.0,0.7979563591449312,3.0680000000000005,2.0766999999999998
2023-11-05,3.01,2.09,1.81,7.85,0.23,2.3,24.98,83.69,99.08,3.5,0.8444122926410592,3.3276,2.1270000000000002
2023-11-06,2.25,0.99,1.67,5.98,0.18,3.56,18.21,74.62,99.7,5.39,0.6899124555716523,2.5301000000000005,1.9022999999999997
2023-11-07,1.6,0.6,1.26,4.62,0.14,1.21,17.44,73.38,99.56,1.95,0.4510620678283866,1.6378999999999992,1.2579000000000007
2023-11-08,2.51,1.56,1.65,6.56,0.19,1.62,21.17,85.94,99.2,2.63,0.7065043412103531,2.6838000000000006,1.8670999999999993
2023-11-09,2.41,1.35,1.7,6.43,0.18,2.52,24.44,86.38,99.11,3.84,0.6977437777478183,2.6687,1.8280999999999992
2023-11-10,2.63,1.83,1.63,6.82,0.2,1.91,24.08,84.5,99.3,2.93,0.7352363060495037,2.8532000000000006,1.8904999999999998
2023-11-11,1.19,0.57,0.92,3.47,0.1,3.61,19.18,80.88,99.64,5.18,0.3801421113367568,1.3804000000000005,1.0601
2023-11-12,0.74,0.36,0.57,2.27,0.07,4.8,12.37,76.19,100.32,6.95,0.213697333714626,0.7780999999999999,0.5940999999999996
2023-11-13,0.75,0.37,0.56,2.2,0.06,4.0,11.49,77.62,100.54,5.8,0.22697297118387963,0.8253000000000005,0.6320000000000002
2023-11-14,1.29,0.55,1.02,3.8,0.11,2.3,12.58,83.06,100.26,3.31,0.37551077131455113,1.3537000000000003,1.0557999999999998
2023-11-15,1.2,0.58,0.92,3.59,0.11,2.05,14.3,85.94,100.13,2.97,0.36605302720819105,1.3233999999999995,1.0258999999999998
2023-11-16,3.93,3.96,1.76,8.98,0.24,4.05,13.8,70.06,100.73,6.14,0.9490148046975144,4.284299999999998,1.915800000000001
2023-11-17,5.13,8.15,0.81,11.23,0.27,2.18,13.33,66.56,100.41,3.59,0.9369456523864088,5.225499999999999,1.0233999999999992
2023-11-18,4.11,3.57,2.05,9.73,0.25,1.82,14.65,63.06,100.15,3.2,1.0360412697783656,4.485599999999998,2.2585000000000024
2023-11-19,4.65,6.2,1.33,10.5,0.26,1.35,16.35,58.44,99.86,2.21,0.93864003986406,4.889400000000001,1.3265000000000002
2023-11-20,4.86,7.72,0.81,10.73,0.25,1.17,17.01,58.38,99.66,1.93,0.9125737364707059,5.083700000000003,1.0019000000000002
2023-11-21,4.74,7.32,0.86,10.44,0.25,1.28,17.15,70.38,99.41,2.11,0.8780847792229408,4.861100000000004,0.9905999999999999
2023-11-22,3.99,4.44,1.59,9.07,0.22,0.96,18.81,73.81,99.36,1.47,0.9418884681832516,4.3298,1.8336999999999994
2023-11-23,2.29,1.1,1.71,5.57,0.13,1.89,19.62,73.25,99.49,2.97,0.6607938055386283,2.400499999999999,1.8418999999999999
2023-11-24,3.66,3.57,1.81,8.12,0.2,2.34,18.17,70.69,99.76,3.59,0.9152320508677302,4.013300000000002,1.9509000000000003
2023-11-25,2.45,1.63,1.56,5.76,0.15,1.97,18.5,73.75,99.75,3.06,0.6956819534635276,2.6381,1.8425000000000002
2023-11-26,3.31,2.64,1.87,7.2,0.17,1.99,18.01,79.62,99.89,3.2,0.8200158968158876,3.3912999999999993,1.9262000000000006
2023-11-27,4.46,6.31,1.14,9.59,0.23,1.98,16.75,72.38,99.76,3.16,0.8641497724284,4.537200000000001,1.1900000000000008
2023-11-28,4.6,6.95,0.99,9.82,0.25,1.47,16.25,69.88,99.65,2.57,0.840265802085634,4.557599999999998,1.03
2023-11-29,3.71,3.32,2.02,8.37,0.22,1.27,18.54,72.75,99.6,2.11,0.9437142143295527,4.0539,2.0850999999999997
2023-11-30,1.95,0.78,1.56,5.05,0.14,4.16,15.98,67.75,100.09,6.05,0.5697754324433433,2.0453,1.6095999999999997
2023-12-01,3.15,2.37,1.82,7.13,0.18,3.98,12.89,60.75,100.26,5.75,0.8162922847397904,3.296700000000001,1.9865000000000013
2023-12-02,1.27,0.69,0.94,3.53,0.1,2.83,12.2,70.88,100.13,4.03,0.42668973149120076,1.5281000000000013,1.2085000000000004
2023-12-03,1.0,0.51,0.76,2.9,0.07,2.45,12.88,84.56,100.0,3.51,0.3115255500947996,1.1297999999999997,0.8699999999999999
2023-12-04,2.52,1.69,1.64,6.11,0.15,2.32,13.9,80.75,99.7,3.52,0.678856288203464,2.6341,1.7457999999999994
2023-12-05,2.36,1.0,1.86,5.74,0.14,1.09,14.4,81.19,99.44,1.84,0.6873584392343235,2.5247,1.8917999999999981
2023-12-06,3.37,2.92,1.91,7.77,0.18,2.43,16.58,74.19,99.8,3.88,0.9034729850278957,3.726399999999998,2.131000000000002
2023-12-07,4.59,7.67,0.76,9.97,0.23,1.25,15.55,60.19,99.61,2.21,0.8456378618427947,4.7448999999999995,0.8987000000000005
2023-12-08,3.94,4.98,1.32,9.2,0.21,2.16,17.02,67.94,99.19,3.4,0.9002960845234282,4.4262,1.5020000000000013
2023-12-09,1.46,0.85,1.07,4.02,0.1,3.05,20.19,86.06,98.9,4.52,0.42555117930507086,1.560700000000001,1.1733
2023-12-10,1.5,0.81,1.14,4.2,0.11,3.77,22.58,83.94,98.82,5.48,0.4587555509801831,1.6503000000000017,1.2929000000000002
2023-12-11,2.89,2.6,1.58,6.95,0.16,2.73,21.37,81.75,99.17,3.97,0.7253570344861322,2.982099999999999,1.7193
2023-12-12,1.3,0.61,1.04,3.56,0.09,3.38,13.05,68.69,99.77,4.89,0.39847540501024664,1.4579000000000004,1.1017000000000006
2023-12-13,1.67,0.9,1.24,4.4,0.12,2.17,17.01,82.94,99.51,3.25,0.521260316529064,1.9375000000000007,1.4147000000000003
2023-12-14,1.47,0.89,1.08,4.03,0.1,4.03,22.33,86.31,99.28,5.88,0.442213653710924,1.6105000000000016,1.2290999999999999
2023-12-15,1.76,1.07,1.3,4.66,0.11,4.53,19.8,75.94,99.43,6.48,0.5818117560839516,2.1368000000000005,1.6015000000000008
2023-12-16,0.66,0.37,0.52,1.9,0.05,6.46,6.55,56.69,100.67,9.16,0.19650734490249275,0.7176999999999998,0.5444000000000002
2023-12-17,1.29,0.63,1.03,3.6,0.09,3.78,5.67,64.31,100.58,5.3,0.4077492658755598,1.4631999999999992,1.1523000000000005
2023-12-18,0.78,0.41,0.61,2.23,0.06,3.38,5.04,83.12,100.34,4.78,0.22158244794311785,0.805,0.6176000000000006
2023-12-19,1.39,0.62,1.11,3.84,0.1,3.99,6.11,71.38,100.43,5.7,0.41026323577563373,1.4727999999999997,1.1589000000000005
2023-12-20,3.76,4.41,1.49,8.05,0.19,3.91,6.11,62.38,100.58,5.68,0.8389952632122906,3.9106999999999994,1.5864000000000003
2023-12-21,3.77,4.11,1.71,7.76,0.17,4.27,4.89,60.44,100.92,6.2,0.8470422747100411,3.8863999999999987,1.6554999999999997
2023-12-22,4.22,5.88,1.29,8.42,0.18,3.66,3.55,50.69,101.1,5.37,0.8108512368452139,4.182000000000003,1.1823000000000001
2023-12-23,4.32,6.4,1.09,8.84,0.2,2.76,4.54,51.31,100.93,4.29,0.8234715411310713,4.4562000000000035,1.0184000000000009
2023-12-24,4.09,4.43,1.84,8.8,0.21,3.04,6.06,54.19,100.94,4.77,0.9355450074071886,4.3950999999999985,1.7390000000000005
2023-12-25,4.13,4.93,1.67,8.91,0.2,1.83,8.51,54.5,100.47,2.96,0.8944038899841985,4.413600000000002,1.477900000000001
2023-12-26,3.84,4.81,1.33,8.32,0.19,1.02,11.15,58.5,100.25,1.81,0.8565560671200801,4.1286000000000005,1.501
2023-12-27,4.1,5.65,1.18,8.58,0.2,1.25,13.08,63.38,100.14,2.15,0.8192849559125708,4.1881,1.2271999999999996
2023-12-28,4.2,6.31,1.02,8.95,0.22,1.4,15.13,70.56,99.94,2.27,0.8333008628609858,4.334300000000002,1.1832000000000016
2023-12-29,3.87,5.1,1.2,8.51,0.21,1.51,16.31,76.44,99.77,2.48,0.8510432601948682,4.148300000000001,1.4510000000000003
2023-12-30,3.13,2.82,1.61,6.59,0.16,1.4,15.73,83.62,99.63,2.14,0.7439228850525217,3.1267999999999985,1.703699999999999
2023-12-31,2.81,2.18,1.72,6.12,0.15,1.99,17.45,79.19,99.6,3.09,0.7254866244521119,2.897300000000001,1.794
2024-01-01,1.86,0.93,1.4,4.31,0.11,2.61,17.45,79.75,99.61,3.85,0.518512096862293,1.9536000000000007,1.3843000000000003
2024-01-02,0.88,0.42,0.68,2.45,0.06,3.36,13.1,83.62,99.71,4.76,0.23368894614487695,0.8440999999999999,0.6555999999999996
2024-01-03,4.13,5.36,1.33,8.88,0.21,3.39,11.11,68.12,100.11,4.98,0.8686716651679658,4.345900000000004,1.3836999999999995
2024-01-04,2.19,1.15,1.62,5.55,0.14,1.38,11.68,66.56,99.76,2.3,0.6386021615882784,2.3734999999999995,1.7333
2024-01-05,0.84,0.42,0.64,2.43,0.06,1.58,15.44,86.81,99.61,2.42,0.23500449446891045,0.8453999999999999,0.6622999999999997
2024-01-06,1.57,0.65,1.23,3.88,0.09,2.73,14.58,85.75,99.8,4.0,0.4129275017025826,1.5112999999999999,1.1412000000000004
2024-01-07,1.06,0.47,0.83,2.85,0.06,1.54,14.86,85.31,99.73,2.34,0.2969864672093304,1.0742000000000005,0.8319000000000003
2024-01-08,0.62,0.31,0.47,1.77,0.05,2.47,13.17,88.38,99.6,3.5,0.16890836607939885,0.6158000000000002,0.46889999999999965
2024-01-09,1.0,0.44,0.79,2.77,0.07,2.55,14.61,83.94,99.58,3.61,0.2698155272763749,0.9765999999999997,0.7552000000000004
2024-01-10,2.71,1.61,1.85,6.38,0.14,3.47,15.44,77.88,99.73,4.93,0.7296377754387026,2.7786000000000017,1.9221999999999992
2024-01-11,0.82,0.39,0.63,2.29,0.05,1.93,13.73,83.31,99.77,2.79,0.22907871147241224,0.8327999999999999,0.6380000000000001
2024-01-12,0.91,0.42,0.71,2.52,0.06,1.3,14.46,88.38,99.66,2.0,0.23996568896387138,0.8676999999999996,0.6724000000000001
2024-01-13,1.54,0.65,1.21,4.19,0.1,1.07,16.24,89.25,99.65,1.73,0.4498735521347406,1.6345999999999996,1.2536999999999991
2024-01-14,2.76,1.7,1.82,6.49,0.14,1.22,18.01,81.62,99.78,1.91,0.7506857214543319,2.9063000000000003,1.9361999999999995
2024-01-15,2.65,1.7,1.74,6.37,0.13,1.73,18.23,80.44,99.78,2.75,0.7367159109326387,2.822700000000001,1.9259
2024-01-16,3.57,3.35,1.67,8.09,0.17,2.16,17.66,79.0,99.71,3.27,0.8802608310681516,3.8950000000000005,1.8457999999999999
2024-01-17,2.55,1.89,1.5,6.45,0.16,2.3,18.51,81.88,99.55,3.5,0.7456366825199243,2.8912000000000004,1.9192999999999998
2024-01-18,1.71,0.91,1.25,4.68,0.12,2.66,18.82,83.56,99.32,3.92,0.5534609164840827,2.0471999999999997,1.5108000000000006
2024-01-19,2.05,1.14,1.46,5.27,0.13,3.23,17.27,83.19,99.28,4.59,0.6016621325543722,2.2273,1.6407999999999998
2024-01-20,1.16,0.47,0.92,3.15,0.08,4.81,9.3,72.12,99.9,6.67,0.3109076053222665,1.119499999999999,0.8753000000000006
2024-01-21,0.74,0.34,0.58,2.16,0.05,4.58,7.32,75.81,100.17,6.32,0.2014646611287921,0.7315999999999996,0.5617999999999995
2024-01-22,0.9,0.39,0.71,2.36,0.06,6.05,2.72,75.0,100.79,8.46,0.23142732252675946,0.8415000000000004,0.6444
2024-01-23,2.26,0.96,1.71,5.59,0.14,5.02,1.19,62.25,101.06,6.97,0.6315313510223157,2.3430999999999993,1.717699999999999
2024-01-24,1.07,0.47,0.83,3.2,0.08,3.54,2.38,61.06,100.93,4.91,0.3202908538015982,1.1556000000000004,0.8997000000000008
2024-01-25,2.15,0.82,1.72,5.71,0.13,2.58,4.11,70.25,100.77,3.73,0.6265619522204314,2.250200000000001,1.7691000000000003
2024-01-26,0.89,0.44,0.69,2.53,0.06,2.56,5.65,79.12,100.67,3.67,0.2576978333365583,0.9388,0.7160000000000004
2024-01-27,1.26,0.56,0.99,3.62,0.09,3.21,8.54,74.75,100.53,4.47,0.3728366119361705,1.3492,1.043800000000001
2024-01-28,0.98,0.48,0.74,2.88,0.08,2.54,7.34,82.06,100.52,3.55,0.2882543203504511,1.0453000000000006,0.8051000000000005
2024-01-29,0.86,0.41,0.66,2.55,0.06,1.48,7.85,89.5,100.09,2.2,0.24675573167183695,0.8892999999999996,0.694
2024-01-30,0.9,0.45,0.69,2.73,0.08,1.34,12.73,90.62,99.64,2.02,0.2598449124042005,0.9436000000000001,0.7246000000000002
2024-01-31,1.03,0.52,0.78,3.1,0.09,3.54,18.27,90.06,99.33,5.13,0.29590130405739173,1.0817000000000005,0.8189
2024-02-01,1.82,1.02,1.31,4.99,0.14,2.51,20.09,87.94,99.32,3.58,0.5256784997033509,1.9663000000000002,1.4159000000000013
2024-02-02,1.0,0.49,0.77,2.91,0.08,2.33,15.32,84.31,99.39,3.23,0.3020467031248914,1.0919000000000003,0.8465999999999997
2024-02-03,0.92,0.43,0.7,2.73,0.09,3.11,14.92,86.75,99.47,4.3,0.25532941424671035,0.9318000000000001,0.7080000000000001
2024-02-04,1.08,0.45,0.85,3.01,0.09,4.84,9.44,73.94,99.68,6.62,0.2977439314490672,1.078799999999999,0.8324000000000003
2024-02-05,0.88,0.41,0.68,2.57,0.08,4.4,6.54,75.62,99.94,6.02,0.25152056354751323,0.9137000000000006,0.7011000000000002
2024-02-06,0.83,0.42,0.64,2.41,0.07,4.2,6.3,78.94,100.0,5.71,0.2272201505846083,0.8340999999999998,0.6257999999999998
2024-02-07,0.98,0.46,0.76,2.89,0.09,4.41,5.66,74.88,99.95,6.05,0.28067968416856287,1.0187999999999997,0.7831
2024-02-08,1.63,0.64,1.28,4.39,0.13,4.1,6.21,70.31,100.01,5.62,0.46822578192335856,1.6768999999999992,1.3260999999999998
2024-02-09,4.28,3.94,1.84,9.3,0.26,3.34,7.9,67.5,100.38,4.77,0.9573481900024171,4.293500000000001,1.957400000000002
2024-02-10,5.08,5.84,1.66,10.88,0.3,2.02,10.03,63.12,100.52,3.09,1.0197540670315417,5.065,1.6563999999999999
2024-02-11,5.68,8.23,0.96,12.37,0.33,1.5,13.28,54.12,100.42,2.34,1.0056402118540402,5.6511000000000005,1.0614000000000003
2024-02-12,4.67,4.89,1.81,10.58,0.29,2.53,14.66,58.25,100.01,3.79,1.0364672997933129,4.9424,1.8627999999999998
2024-02-13,0.96,0.49,0.72,2.8,0.09,4.12,17.34,85.12,99.67,5.84,0.27180801659938336,0.9916999999999996,0.7538999999999996
2024-02-14,1.63,0.69,1.26,4.67,0.14,3.98,19.19,82.69,99.47,5.57,0.5040057168396599,1.8216000000000006,1.413
2024-02-15,1.21,0.55,0.92,3.47,0.1,3.58,15.63,80.75,99.93,5.02,0.36943555799606903,1.3262000000000003,1.0435999999999999
2024-02-16,3.38,1.31,2.58,8.31,0.23,2.3,13.62,69.88,99.81,3.3,0.974892763314064,3.577700000000003,2.6858999999999997
2024-02-17,1.48,0.62,1.14,4.06,0.11,4.3,18.05,81.38,98.99,6.07,0.4270002107809004,1.5324000000000004,1.2066
2024-02-18,2.37,1.11,1.75,6.23,0.17,5.39,21.26,82.69,98.75,7.45,0.669826112841908,2.484099999999999,1.8228
2024-02-19,3.86,3.04,2.01,9.12,0.23,4.91,22.58,78.38,98.78,6.8,0.9786948972143106,4.139000000000002,2.219200000000001
2024-02-20,3.13,1.66,2.12,7.45,0.22,5.66,23.14,78.81,98.62,7.84,0.8229053275805627,3.2726999999999977,2.0468
2024-02-21,3.72,2.6,2.12,8.38,0.23,4.62,24.43,78.19,98.74,6.44,0.9171534228527263,3.8250000000000006,2.1265
2024-02-22,0.8,0.4,0.6,2.25,0.07,6.32,8.22,68.81,99.85,8.54,0.23166502765444275,0.8484000000000006,0.6397999999999999
2024-02-23,0.92,0.45,0.7,2.71,0.09,5.27,4.79,71.94,100.25,7.12,0.2643457681643211,0.9513999999999999,0.7445999999999998
2024-02-24,0.88,0.42,0.67,2.68,0.09,4.61,5.48,74.69,100.31,6.22,0.25910165895248377,0.9399000000000006,0.7233999999999995
2024-02-25,1.11,0.48,0.85,3.32,0.1,3.84,6.37,76.12,100.19,5.13,0.3246974058991896,1.170900000000001,0.9125999999999997
2024-02-26,1.38,0.56,1.07,4.09,0.12,3.94,7.12,78.25,100.18,5.31,0.4056801290942582,1.4579000000000002,1.1445999999999998
2024-02-27,1.36,0.56,1.06,3.98,0.12,3.04,8.33,74.19,100.08,4.09,0.38768573877270196,1.394300000000001,1.092900000000001
2024-02-28,1.11,0.5,0.84,3.3,0.11,2.39,8.98,86.31,99.68,3.19,0.3349449128468918,1.212099999999999,0.9376999999999996
2024-02-29,1.59,0.62,1.23,4.38,0.13,4.7,8.09,82.0,100.0,6.46,0.45286076927104985,1.6268999999999998,1.2781999999999993
2024-03-01,2.08,0.76,1.62,5.29,0.15,4.11,8.05,69.31,100.26,5.67,0.5719694562392494,2.0720999999999994,1.5993000000000002
2024-03-02,4.64,3.75,2.17,10.97,0.3,2.73,9.2,66.88,100.03,3.88,1.1048813900009935,4.945000000000003,2.2679000000000027
2024-03-03,1.14,0.47,0.89,3.41,0.1,2.9,11.4,84.25,99.26,4.12,0.32554401064951705,1.1815,0.9084000000000007
2024-03-04,1.07,0.49,0.81,3.3,0.09,5.35,19.77,86.19,98.33,7.42,0.32161373078289396,1.1823000000000004,0.8842999999999995
2024-03-05,2.67,1.19,1.93,7.24,0.22,3.74,19.82,77.5,98.48,5.15,0.7789676440282083,2.9406,2.0746999999999995
2024-03-06,4.14,2.02,2.77,10.34,0.31,4.67,14.44,66.0,99.3,6.43,1.0977225696637765,4.4031,2.6977
2024-03-07,4.05,1.75,2.84,9.41,0.27,3.73,14.16,67.44,99.65,5.18,1.0272581743698346,4.032399999999999,2.6013000000000006
2024-03-08,2.69,0.94,2.06,6.09,0.18,2.32,15.49,68.44,99.67,3.34,0.6898194430078818,2.5352,1.8972999999999995
2024-03-09,1.38,0.52,1.06,3.66,0.11,2.4,14.82,78.38,99.69,3.31,0.3660982417697693,1.3212999999999988,1.028
2024-03-10,1.58,0.58,1.22,4.45,0.13,2.2,14.29,83.81,99.83,3.0,0.43566002503188267,1.5981999999999996,1.2008000000000003
2024-03-11,6.08,6.48,1.78,13.82,0.38,2.64,17.34,71.19,99.84,3.67,1.1660247830372072,6.0223999999999975,1.6927000000000003
2024-03-12,5.69,5.42,2.06,12.77,0.34,1.88,17.07,66.69,99.55,2.88,1.1676235881845332,5.7352,1.9525999999999994
2024-03-13,1.89,0.68,1.45,5.24,0.15,2.85,15.67,79.38,99.45,3.98,0.5335127834763391,1.9394,1.4860000000000002
2024-03-14,1.36,0.52,1.03,3.91,0.11,1.98,16.49,83.06,99.42,2.7,0.37721129579840906,1.3573999999999993,1.0627000000000004
2024-03-15,1.44,0.53,1.11,4.16,0.12,2.71,19.45,87.88,99.2,3.76,0.38820465082630856,1.4364999999999992,1.0591999999999997
2024-03-16,2.2,0.77,1.67,5.52,0.16,3.2,22.9,83.69,99.24,4.43,0.5887378691136159,2.1396,1.6402999999999994
2024-03-17,2.36,0.88,1.77,5.53,0.16,2.83,23.42,84.5,99.15,4.04,0.5955671049849078,2.1819999999999995,1.6440000000000003
2024-03-18,1.42,0.53,1.08,3.4,0.1,3.84,20.67,77.5,99.38,5.3,0.3631144638341948,1.3109000000000004,1.0193000000000005
2024-03-19,4.56,2.92,2.52,10.89,0.34,4.42,14.98,63.62,100.08,6.26,1.1660063222947343,4.847000000000003,2.7173000000000007
2024-03-20,2.83,1.02,2.1,7.34,0.22,2.23,17.3,58.38,99.99,3.32,0.7723618937949053,2.8768999999999996,2.0909
2024-03-21,2.16,0.81,1.66,5.37,0.15,3.27,19.63,68.44,99.14,4.63,0.6125413510223162,2.2376000000000005,1.6966000000000003
2024-03-22,1.48,0.6,1.09,4.3,0.12,5.44,21.24,83.62,98.57,7.52,0.4317120827455425,1.5772000000000017,1.1956000000000009
2024-03-23,3.41,1.53,2.46,9.06,0.26,5.77,24.22,79.31,98.46,7.99,0.9140537011185397,3.4799000000000007,2.408899999999999
2024-03-24,4.42,2.33,2.78,11.07,0.32,4.74,25.22,78.75,98.76,6.59,1.1655631360551952,4.605499999999999,2.9251999999999994
2024-03-25,3.93,1.84,2.61,9.77,0.27,3.08,23.72,75.94,99.07,4.31,1.0501362422938796,4.1024,2.6765000000000008
2024-03-26,3.12,1.19,2.28,7.73,0.23,3.02,19.41,71.81,99.6,4.26,0.8338706143267045,3.107399999999999,2.256199999999999
2024-03-27,2.04,0.73,1.57,5.1,0.15,3.62,22.7,85.31,99.18,5.15,0.5486990921997917,2.0015999999999994,1.5222000000000002
2024-03-28,3.84,1.47,2.75,9.59,0.28,2.34,21.98,77.06,99.2,3.48,0.9922636426930135,3.7310999999999996,2.6555999999999984
2024-03-29,4.9,2.1,3.36,11.42,0.34,1.4,22.3,70.81,99.04,2.28,1.2275701036018847,4.893200000000001,3.0436000000000005
2024-03-30,1.97,0.69,1.5,4.8,0.12,3.94,23.72,82.06,98.78,5.52,0.5292341272278337,1.9282999999999995,1.4702000000000002
2024-03-31,3.45,1.19,2.58,7.91,0.19,1.88,25.18,81.81,98.62,2.74,0.8347288451813427,3.115900000000001,2.2539000000000007
2024-04-01,3.6,1.7,2.37,8.09,0.2,4.81,26.62,79.19,98.13,6.77,0.8984639042709053,3.430199999999999,2.359399999999999
